product_id,category,sub_category,product_name,status
FUR-BO-10001798,Furniture,Bookcases,Bush Somerset Collection Bookcase,active
FUR-BO-10002545,Furniture,Bookcases,"Atlantic Metals Mobile 3-Shelf Bookcases, Custom Colors",active
FUR-BO-10002613,Furniture,Bookcases,"Atlantic Metals Mobile 4-Shelf Bookcases, Custom Colors",active
FUR-BO-10004834,Furniture,Bookcases,"Riverside Palais Royal Lawyers Bookcase, Royale Cherry Finish",active
FUR-CH-10000454,Furniture,Chairs,"Hon Deluxe Fabric Upholstered Stacking Chairs, Rounded Back",active
FUR-CH-10000513,Furniture,Chairs,High-Back Leather Manager's Chair,active
FUR-CH-10000863,Furniture,Chairs,Novimex Swivel Fabric Task Chair,active
FUR-CH-10001146,Furniture,Chairs,"Global Task Chair, Black",active
FUR-CH-10001146,Furniture,Chairs,"Global Value Mid-Back Manager's Chair, Gray",active
FUR-CH-10002774,Furniture,Chairs,"Global Deluxe Stacking Chair, Gray",active
FUR-CH-10003061,Furniture,Chairs,"Global Leather Task Chair, Black",active
FUR-CH-10003817,Furniture,Chairs,"Global Value Steno Chair, Gray",active
FUR-CH-10003968,Furniture,Chairs,Novimex Turbo Task Chair,active
FUR-CH-10004063,Furniture,Chairs,Global Deluxe High-Back Manager's Chair,active
FUR-CH-10004218,Furniture,Chairs,"Global Fabric Manager's Chair, Dark Gray",active
FUR-CH-10004287,Furniture,Chairs,SAFCO Arco Folding Chair,active
FUR-CH-10004698,Furniture,Chairs,"Padded Folding Chairs, Black, 4/Carton",active
FUR-FU-10000260,Furniture,Furnishings,"6"" Cubicle Wall Clock, Black",active
FUR-FU-10000397,Furniture,Furnishings,Luxo Economy Swing Arm Lamp,active
FUR-FU-10000521,Furniture,Furnishings,"Seth Thomas 14"" Putty-Colored Wall Clock",active
FUR-FU-10000629,Furniture,Furnishings,9-3/4 Diameter Round Wall Clock,active
FUR-FU-10001487,Furniture,Furnishings,"Eldon Expressions Wood and Plastic Desk Accessories, Cherry Wood",active
FUR-FU-10001706,Furniture,Furnishings,Longer-Life Soft White Bulbs,active
FUR-FU-10001934,Furniture,Furnishings,Magnifier Swing Arm Lamp,active
FUR-FU-10002157,Furniture,Furnishings,Artistic Insta-Plaque,active
FUR-FU-10003194,Furniture,Furnishings,"Eldon Expressions Desk Accessory, Wood Pencil Holder, Oak",active
FUR-FU-10003664,Furniture,Furnishings,"Electrix Architect's Clamp-On Swing Arm Lamp, Black",active
FUR-FU-10003708,Furniture,Furnishings,"Tenex Traditional Chairmats for Medium Pile Carpet, Standard Lip, 36"" x 48""",active
FUR-FU-10003773,Furniture,Furnishings,Eldon Cleatmat Plus Chair Mats for High Pile Carpets,active
FUR-FU-10003799,Furniture,Furnishings,"Seth Thomas 13 1/2"" Wall Clock",active
FUR-FU-10004006,Furniture,Furnishings,"Deflect-o DuraMat Lighweight, Studded, Beveled Mat for Low Pile Carpeting",active
FUR-FU-10004848,Furniture,Furnishings,"Howard Miller 13-3/4"" Diameter Brushed Chrome Round Wall Clock",active
FUR-TA-10000577,Furniture,Tables,Bretford CR4500 Series Slim Rectangular Table,active
FUR-TA-10001539,Furniture,Tables,Chromcraft Rectangular Conference Tables,active
FUR-TA-10001768,Furniture,Tables,Hon Racetrack Conference Tables,active
FUR-TA-10004534,Furniture,Tables,Bevis 44 x 96 Conference Tables,active
OFF-AP-10000326,Office Supplies,Appliances,Belkin 7 Outlet SurgeMaster Surge Protector with Phone Protection,active
OFF-AP-10000358,Office Supplies,Appliances,Fellowes Basic Home/Office Series Surge Protectors,active
OFF-AP-10000891,Office Supplies,Appliances,Kensington 7 Outlet MasterPiece HOMEOFFICE Power Control Center,active
OFF-AP-10001058,Office Supplies,Appliances,Sanyo 2.5 Cubic Foot Mid-Size Office Refrigerators,active
OFF-AP-10001492,Office Supplies,Appliances,"Acco Six-Outlet Power Strip, 4' Cord Length",active
OFF-AP-10002118,Office Supplies,Appliances,"1.7 Cubic Foot Compact ""Cube"" Office Refrigerators",active
OFF-AP-10002311,Office Supplies,Appliances,"Holmes Replacement Filter for HEPA Air Cleaner, Very Large Room, HEPA Filter",active
OFF-AP-10002518,Office Supplies,Appliances,Kensington 7 Outlet MasterPiece Power Center,active
OFF-AP-10002684,Office Supplies,Appliances,"Acco 7-Outlet Masterpiece Power Center, Wihtout Fax/Phone Line Protection",active
OFF-AP-10002892,Office Supplies,Appliances,Belkin F5C206VTEL 6 Outlet Surge,active
OFF-AR-10000246,Office Supplies,Art,Newell 318,active
OFF-AR-10000380,Office Supplies,Art,"Hunt PowerHouse Electric Pencil Sharpener, Blue",active
OFF-AR-10000390,Office Supplies,Art,Newell Chalk Holder,active
OFF-AR-10000940,Office Supplies,Art,Newell 343,active
OFF-AR-10001149,Office Supplies,Art,"Sanford Colorific Colored Pencils, 12/Box",active
OFF-AR-10001547,Office Supplies,Art,Newell 311,active
OFF-AR-10001683,Office Supplies,Art,Lumber Crayons,active
OFF-AR-10001868,Office Supplies,Art,Prang Dustless Chalk Sticks,active
OFF-AR-10001940,Office Supplies,Art,"Sanford Colorific Eraseable Coloring Pencils, 12 Count",active
OFF-AR-10002053,Office Supplies,Art,"Premium Writing Pencils, Soft, #2 by Central Association for the Blind",active
OFF-AR-10002656,Office Supplies,Art,Sanford Liquid Accent Highlighters,active
OFF-AR-10002671,Office Supplies,Art,"Hunt BOSTON Model 1606 High-Volume Electric Pencil Sharpener, Beige",active
OFF-AR-10002833,Office Supplies,Art,Newell 322,active
OFF-AR-10003056,Office Supplies,Art,Newell 341,active
OFF-AR-10003514,Office Supplies,Art,4009 Highlighters by Sanford,active
OFF-AR-10004027,Office Supplies,Art,"Binney & Smith inkTank Erasable Desk Highlighter, Chisel Tip, Yellow, 12/Box",active
OFF-AR-10004042,Office Supplies,Art,"BOSTON Model 1800 Electric Pencil Sharpeners, Putty/Woodgrain",active
OFF-AR-10004441,Office Supplies,Art,BIC Brite Liner Highlighters,active
OFF-AR-10004685,Office Supplies,Art,"Binney & Smith Crayola Metallic Colored Pencils, 8-Color Set",active
OFF-AR-10004930,Office Supplies,Art,Turquoise Lead Holder with Pocket Clip,active
OFF-BI-10000343,Office Supplies,Binders,"Pressboard Covers with Storage Hooks, 9 1/2"" x 11"", Light Blue",active
OFF-BI-10000474,Office Supplies,Binders,Avery Recycled Flexi-View Covers for Binding Systems,active
OFF-BI-10000756,Office Supplies,Binders,Storex DuraTech Recycled Plastic Frosted Binders,active
OFF-BI-10001078,Office Supplies,Binders,"Acco PRESSTEX Data Binder with Storage Hooks, Dark Blue, 14 7/8"" X 11""",active
OFF-BI-10001460,Office Supplies,Binders,Plastic Binding Combs,active
OFF-BI-10001525,Office Supplies,Binders,"Acco Pressboard Covers with Storage Hooks, 14 7/8"" x 11"", Executive Red",active
OFF-BI-10001634,Office Supplies,Binders,Wilson Jones Active Use Binders,active
OFF-BI-10001721,Office Supplies,Binders,Trimflex Flexible Post Binders,active
OFF-BI-10001890,Office Supplies,Binders,Avery Poly Binder Pockets,active
OFF-BI-10002215,Office Supplies,Binders,"Wilson Jones Hanging View Binder, White, 1""",active
OFF-BI-10002309,Office Supplies,Binders,Avery Heavy-Duty EZD  Binder With Locking Rings,active
OFF-BI-10002609,Office Supplies,Binders,Avery Hidden Tab Dividers for Binding Systems,active
OFF-BI-10002735,Office Supplies,Binders,GBC Prestige Therm-A-Bind Covers,active
OFF-BI-10002794,Office Supplies,Binders,"Avery Trapezoid Ring Binder, 3"" Capacity, Black, 1040 sheets",active
OFF-BI-10002852,Office Supplies,Binders,Ibico Standard Transparent Covers,active
OFF-BI-10003274,Office Supplies,Binders,"Avery Durable Slant Ring Binders, No Labels",active
OFF-BI-10003291,Office Supplies,Binders,Wilson Jones Leather-Like Binders with DublLock Round Rings,active
OFF-BI-10003650,Office Supplies,Binders,GBC DocuBind 300 Electric Binding Machine,active
OFF-BI-10003656,Office Supplies,Binders,Fellowes PB200 Plastic Comb Binding Machine,active
OFF-BI-10003910,Office Supplies,Binders,DXL Angle-View Binders with Locking Rings by Samsill,active
OFF-BI-10003981,Office Supplies,Binders,"Avery Durable Plastic 1"" Binders",active
OFF-BI-10004002,Office Supplies,Binders,Wilson Jones International Size A4 Ring Binders,active
OFF-BI-10004182,Office Supplies,Binders,Economy Binders,active
OFF-BI-10004410,Office Supplies,Binders,"C-Line Peel & Stick Add-On Filing Pockets, 8-3/4 x 5-1/8, 10/Pack",active
OFF-BI-10004654,Office Supplies,Binders,Avery Binding System Hidden Tab Executive Style Index Sets,active
OFF-BI-10004738,Office Supplies,Binders,Flexible Leather- Look Classic Collection Ring Binder,active
OFF-BI-10004781,Office Supplies,Binders,GBC Wire Binding Strips,active
OFF-EN-10000927,Office Supplies,Envelopes,Jet-Pak Recycled Peel 'N' Seal Padded Mailers,active
OFF-EN-10001509,Office Supplies,Envelopes,Poly String Tie Envelopes,active
OFF-EN-10001990,Office Supplies,Envelopes,Staple envelope,active
OFF-EN-10002500,Office Supplies,Envelopes,Globe Weis Peel & Seel First Class Envelopes,active
OFF-EN-10002504,Office Supplies,Envelopes,"Tyvek  Top-Opening Peel & Seel Envelopes, Plain White",active
OFF-EN-10002600,Office Supplies,Envelopes,"Redi-Strip #10 Envelopes, 4 1/8 x 9 1/2",active
OFF-EN-10002986,Office Supplies,Envelopes,"#10-4 1/8"" x 9 1/2"" Premium Diagonal Seam Envelopes",active
OFF-EN-10004030,Office Supplies,Envelopes,Convenience Packs of Business Envelopes,active
OFF-FA-10000304,Office Supplies,Fasteners,Advantus Push Pins,active
OFF-FA-10000621,Office Supplies,Fasteners,"OIC Colored Binder Clips, Assorted Sizes",active
OFF-FA-10002780,Office Supplies,Fasteners,Staples,active
OFF-FA-10002988,Office Supplies,Fasteners,Ideal Clamps,active
OFF-LA-10000134,Office Supplies,Labels,Avery 511,active
OFF-LA-10000240,Office Supplies,Labels,Self-Adhesive Address Labels for Typewriters by Universal,active
OFF-LA-10002475,Office Supplies,Labels,Avery 519,active
OFF-LA-10002762,Office Supplies,Labels,Avery 485,active
OFF-LA-10003148,Office Supplies,Labels,Avery 51,active
OFF-PA-10000061,Office Supplies,Paper,Xerox 205,active
OFF-PA-10000249,Office Supplies,Paper,Easy-staple paper,active
OFF-PA-10000304,Office Supplies,Paper,Xerox 1995,active
OFF-PA-10000482,Office Supplies,Paper,"Snap-A-Way Black Print Carbonless Ruled Speed Letter, Triplicate",active
OFF-PA-10000587,Office Supplies,Paper,"Array Parchment Paper, Assorted Colors",active
OFF-PA-10000659,Office Supplies,Paper,"Adams Phone Message Book, Professional, 400 Message Capacity, 5 3/6� x 11�",active
OFF-PA-10001144,Office Supplies,Paper,Xerox 1913,active
OFF-PA-10001569,Office Supplies,Paper,Xerox 232,active
OFF-PA-10001736,Office Supplies,Paper,Xerox 1880,active
OFF-PA-10001804,Office Supplies,Paper,Xerox 195,active
OFF-PA-10001950,Office Supplies,Paper,Southworth 25% Cotton Antique Laid Paper & Envelopes,active
OFF-PA-10002254,Office Supplies,Paper,Xerox 1883,active
OFF-PA-10002365,Office Supplies,Paper,Xerox 1967,active
OFF-PA-10002377,Office Supplies,Paper,Xerox 1916,active
OFF-PA-10002749,Office Supplies,Paper,"Wirebound Message Books, 5-1/2 x 4 Forms, 2 or 4 Forms per Page",active
OFF-PA-10002751,Office Supplies,Paper,Xerox 1920,active
OFF-PA-10003177,Office Supplies,Paper,Xerox 1999,active
OFF-PA-10003256,Office Supplies,Paper,Avery Personal Creations Heavyweight Cards,active
OFF-PA-10003892,Office Supplies,Paper,Xerox 1943,active
OFF-PA-10004040,Office Supplies,Paper,Universal Premium White Copier/Laser Paper (20Lb. and 87 Bright),active
OFF-PA-10004327,Office Supplies,Paper,Xerox 1911,active
OFF-PA-10004675,Office Supplies,Paper,"Telephone Message Books with Fax/Mobile Section, 5 1/2"" x 3 3/16""",active
OFF-PA-10004965,Office Supplies,Paper,Xerox 1921,active
OFF-ST-10000107,Office Supplies,Storage,Fellowes Super Stor/Drawer,active
OFF-ST-10000604,Office Supplies,Storage,Home/Office Personal File Carts,active
OFF-ST-10000615,Office Supplies,Storage,"SimpliFile Personal File, Black Granite, 15w x 6-15/16d x 11-1/4h",active
OFF-ST-10000760,Office Supplies,Storage,Eldon Fold 'N Roll Cart System,active
OFF-ST-10000777,Office Supplies,Storage,"Companion Letter/Legal File, Black",active
OFF-ST-10000991,Office Supplies,Storage,Space Solutions HD Industrial Steel Shelving.,active
OFF-ST-10001328,Office Supplies,Storage,"Personal Filing Tote with Lid, Black/Gray",active
OFF-ST-10001414,Office Supplies,Storage,Decoflex Hanging Personal Folder File,active
OFF-ST-10001590,Office Supplies,Storage,"Tenex Personal Project File with Scoop Front Design, Black",active
OFF-ST-10001713,Office Supplies,Storage,"Gould Plastics 9-Pocket Panel Bin, 18-3/8w x 5-1/4d x 20-1/2h, Black",active
OFF-ST-10002370,Office Supplies,Storage,"Sortfiler Multipurpose Personal File Organizer, Black",active
OFF-ST-10002974,Office Supplies,Storage,"Trav-L-File Heavy-Duty Shuttle II, Black",active
OFF-ST-10003282,Office Supplies,Storage,"Advantus 10-Drawer Portable Organizer, Chrome Metal Frame, Smoke Drawers",active
OFF-ST-10003442,Office Supplies,Storage,Eldon Portable Mobile Manager,active
OFF-ST-10003455,Office Supplies,Storage,"Tenex File Box, Personal Filing Tote with Lid, Black",active
OFF-ST-10003479,Office Supplies,Storage,"Eldon Base for stackable storage shelf, platinum",active
OFF-ST-10003656,Office Supplies,Storage,Safco Industrial Wire Shelving,active
OFF-ST-10004123,Office Supplies,Storage,Safco Industrial Wire Shelving System,active
OFF-ST-10004186,Office Supplies,Storage,"Stur-D-Stor Shelving, Vertical 5-Shelf: 72""H x 36""W x 18 1/2""D",active
OFF-SU-10001218,Office Supplies,Supplies,Fiskars Softgrip Scissors,active
OFF-SU-10002189,Office Supplies,Supplies,Acme Rosewood Handle Letter Opener,active
TEC-AC-10000171,Technology,Accessories,"Verbatim 25 GB 6x Blu-ray Single Layer Recordable Disc, 25/Pack",active
TEC-AC-10000844,Technology,Accessories,Logitech�Gaming G510s - Keyboard,active
TEC-AC-10001552,Technology,Accessories,Logitech K350 2.4Ghz Wireless Keyboard,active
TEC-AC-10001767,Technology,Accessories,SanDisk Ultra 64 GB MicroSDHC Class 10 Memory Card,active
TEC-AC-10001998,Technology,Accessories,Logitech�LS21 Speaker System - PC Multimedia - 2.1-CH - Wired,active
TEC-AC-10002167,Technology,Accessories,Imation�8gb Micro Traveldrive Usb 2.0�Flash Drive,active
TEC-AC-10002323,Technology,Accessories,SanDisk Ultra 32 GB MicroSDHC Class 10 Memory Card,active
TEC-AC-10002345,Technology,Accessories,HP Standard 104 key PS/2 Keyboard,active
TEC-AC-10003027,Technology,Accessories,Imation�8GB Mini TravelDrive USB 2.0�Flash Drive,active
TEC-AC-10003499,Technology,Accessories,Memorex Mini Travel Drive 8 GB USB 2.0 Flash Drive,active
TEC-AC-10003657,Technology,Accessories,Lenovo 17-Key USB Numeric Keypad,active
TEC-AC-10004633,Technology,Accessories,"Verbatim 25 GB 6x Blu-ray Single Layer Recordable Disc, 3/Pack",active
TEC-AC-10004659,Technology,Accessories,Imation�Secure+ Hardware Encrypted USB 2.0�Flash Drive; 16GB,active
TEC-MA-10000822,Technology,Machines,Lexmark MX611dhe Monochrome Laser Printer,active
TEC-PH-10000215,Technology,Phones,Plantronics Cordless�Phone Headset�with In-line Volume - M214C,active
TEC-PH-10000486,Technology,Phones,Plantronics HL10 Handset Lifter,active
TEC-PH-10001254,Technology,Phones,Jabra BIZ 2300 Duo QD Duo Corded�Headset,active
TEC-PH-10001448,Technology,Phones,Anker Astro 15000mAh USB Portable Charger,active
TEC-PH-10001552,Technology,Phones,I Need's 3d Hello Kitty Hybrid Silicone Case Cover for HTC One X 4g with 3d Hello Kitty Stylus Pen Green/pink,active
TEC-PH-10001949,Technology,Phones,Cisco SPA 501G IP Phone,active
TEC-PH-10002033,Technology,Phones,Konftel 250 Conference�phone�- Charcoal black,active
TEC-PH-10002275,Technology,Phones,Mitel 5320 IP Phone VoIP phone,active
TEC-PH-10002293,Technology,Phones,Anker 36W 4-Port USB Wall Charger Travel Power Adapter for iPhone 5s 5c 5,active
TEC-PH-10002447,Technology,Phones,AT&T CL83451 4-Handset Telephone,active
TEC-PH-10002726,Technology,Phones,netTALK DUO VoIP Telephone Service,active
TEC-PH-10002844,Technology,Phones,Speck Products Candyshell Flip Case,active
TEC-PH-10003273,Technology,Phones,AT&T TR1909W,active
TEC-PH-10003875,Technology,Phones,KLD Oscar II Style Snap-on Ultra Thin Side Flip Synthetic Leather Cover Case for HTC One HTC M7,active
TEC-PH-10003931,Technology,Phones,JBL Micro Wireless Portable Bluetooth Speaker,active
TEC-PH-10003988,Technology,Phones,"LF Elite 3D Dazzle Designer Hard Case Cover, Lf Stylus Pen and Wiper For Apple Iphone 5c Mini Lite",active
TEC-PH-10004093,Technology,Phones,Panasonic Kx-TS550,active
TEC-PH-10004536,Technology,Phones,Avaya 5420 Digital phone,active
TEC-PH-10004896,Technology,Phones,Nokia Lumia 521 (T-Mobile),active
TEC-PH-10004977,Technology,Phones,GE 30524EE4,active
FUR-BO-10002268,Furniture,Bookcases,Sauder Barrister Bookcases,active
FUR-BO-10004695,Furniture,Bookcases,O'Sullivan 2-Door Barrister Bookcase in Odessa Pine,active
FUR-BO-10004709,Furniture,Bookcases,"Bush Westfield Collection Bookcases, Medium Cherry Finish",active
FUR-CH-10000785,Furniture,Chairs,Global Ergonomic Managers Chair,active
FUR-CH-10001891,Furniture,Chairs,Global Deluxe Office Fabric Chairs,active
FUR-CH-10002602,Furniture,Chairs,DMI Arturo Collection Mission-style Design Wood Chair,active
FUR-CH-10002965,Furniture,Chairs,"Global Leather Highback Executive Chair with Pneumatic Height Adjustment, Black",active
FUR-CH-10003312,Furniture,Chairs,Hon 2090 �Pillow Soft� Series Mid Back Swivel/Tilt Chairs,active
FUR-CH-10004086,Furniture,Chairs,Hon 4070 Series Pagoda Armless Upholstered Stacking Chairs,active
FUR-CH-10004477,Furniture,Chairs,"Global Push Button Manager's Chair, Indigo",active
FUR-CH-10004860,Furniture,Chairs,Global Low Back Tilter Chair,active
FUR-FU-10000023,Furniture,Furnishings,Eldon Wave Desk Accessories,active
FUR-FU-10000087,Furniture,Furnishings,"Executive Impressions 14"" Two-Color Numerals Wall Clock",active
FUR-FU-10000576,Furniture,Furnishings,Luxo Professional Fluorescent Magnifier Lamp with Clamp-Mount Base,active
FUR-FU-10001588,Furniture,Furnishings,"Deflect-o SuperTray Unbreakable Stackable Tray, Letter, Black",active
FUR-FU-10001756,Furniture,Furnishings,"Eldon Expressions Desk Accessory, Wood Photo Frame, Mahogany",active
FUR-FU-10001861,Furniture,Furnishings,"Floodlight Indoor Halogen Bulbs, 1 Bulb per Pack, 60 Watts",active
FUR-FU-10001918,Furniture,Furnishings,C-Line Cubicle Keepers Polyproplyene Holder With Velcro Backings,active
FUR-FU-10001935,Furniture,Furnishings,3M Hangers With Command Adhesive,active
FUR-FU-10001967,Furniture,Furnishings,Telescoping Adjustable Floor Lamp,active
FUR-FU-10002505,Furniture,Furnishings,Eldon 100 Class Desk Accessories,active
FUR-FU-10002671,Furniture,Furnishings,Electrix 20W Halogen Replacement Bulb for Zoom-In Desk Lamp,active
FUR-FU-10002918,Furniture,Furnishings,Eldon ClusterMat Chair Mat with Cordless Antistatic Protection,active
FUR-FU-10002960,Furniture,Furnishings,"Eldon 200 Class Desk Accessories, Burgundy",active
FUR-FU-10003274,Furniture,Furnishings,Regeneration Desk Collection,active
FUR-FU-10004017,Furniture,Furnishings,"Tenex Contemporary Contur Chairmats for Low and Medium Pile Carpet, Computer, 39"" x 49""",active
FUR-FU-10004091,Furniture,Furnishings,"Howard Miller 13"" Diameter Goldtone Round Wall Clock",active
FUR-FU-10004351,Furniture,Furnishings,Staple-based wall hangings,active
FUR-TA-10000617,Furniture,Tables,"Hon Practical Foundations 30 x 60 Training Table, Light Gray/Charcoal",active
FUR-TA-10001705,Furniture,Tables,Bush Advantage Collection Round Conference Table,active
FUR-TA-10002533,Furniture,Tables,BPI Conference Tables,active
FUR-TA-10002607,Furniture,Tables,KI Conference Tables,active
FUR-TA-10002903,Furniture,Tables,"Bevis Round Bullnose 29"" High Table Top",active
FUR-TA-10003473,Furniture,Tables,Bretford Rectangular Conference Table Tops,active
FUR-TA-10003748,Furniture,Tables,Bevis 36 x 72 Conference Tables,active
FUR-TA-10004289,Furniture,Tables,BoxOffice By Design Rectangular and Half-Moon Meeting Room Tables,active
FUR-TA-10004575,Furniture,Tables,Hon 5100 Series Wood Tables,active
FUR-TA-10004915,Furniture,Tables,"Office Impressions End Table, 20-1/2""H x 24""W x 20""D",active
OFF-AP-10000696,Office Supplies,Appliances,Holmes Odor Grabber,active
OFF-AP-10001124,Office Supplies,Appliances,Belkin 8 Outlet SurgeMaster II Gold Surge Protector with Phone Protection,active
OFF-AP-10002203,Office Supplies,Appliances,Eureka Disposable Bags for Sanitaire Vibra Groomer I Upright Vac,active
OFF-AP-10002945,Office Supplies,Appliances,Honeywell Enviracaire Portable HEPA Air Cleaner for 17' x 22' Room,active
OFF-AP-10003217,Office Supplies,Appliances,Eureka Sanitaire  Commercial Upright,active
OFF-AP-10003622,Office Supplies,Appliances,"Bravo II Megaboss 12-Amp Hard Body Upright, Replacement Belts, 2 Belts per Pack",active
OFF-AR-10000122,Office Supplies,Art,Newell 314,active
OFF-AR-10000658,Office Supplies,Art,Newell 324,active
OFF-AR-10001026,Office Supplies,Art,"Sanford Uni-Blazer View Highlighters, Chisel Tip, Yellow",active
OFF-AR-10001374,Office Supplies,Art,"BIC Brite Liner Highlighters, Chisel Tip",active
OFF-AR-10001427,Office Supplies,Art,Newell 330,active
OFF-AR-10001958,Office Supplies,Art,Stanley Bostitch Contemporary Electric Pencil Sharpeners,active
OFF-AR-10002135,Office Supplies,Art,Boston Heavy-Duty Trimline Electric Pencil Sharpeners,active
OFF-AR-10002399,Office Supplies,Art,"Dixon Prang Watercolor Pencils, 10-Color Set with Brush",active
OFF-AR-10002804,Office Supplies,Art,Faber Castell Col-Erase Pencils,active
OFF-AR-10003373,Office Supplies,Art,"Boston School Pro Electric Pencil Sharpener, 1670",active
OFF-AR-10003602,Office Supplies,Art,"Quartet Omega Colored Chalk, 12/Pack",active
OFF-AR-10003651,Office Supplies,Art,Newell 350,active
OFF-AR-10003732,Office Supplies,Art,Newell 333,active
OFF-AR-10004757,Office Supplies,Art,Crayola Colored Pencils,active
OFF-BI-10000050,Office Supplies,Binders,"Angle-D Binders with Locking Rings, Label Holders",active
OFF-BI-10000309,Office Supplies,Binders,"GBC Twin Loop Wire Binding Elements, 9/16"" Spine, Black",active
OFF-BI-10000778,Office Supplies,Binders,GBC VeloBinder Electric Binding Machine,active
OFF-BI-10001072,Office Supplies,Binders,"GBC Clear Cover, 8-1/2 x 11, unpunched, 25 covers per pack",active
OFF-BI-10001153,Office Supplies,Binders,Ibico Recycled Grain-Textured Covers,active
OFF-BI-10001524,Office Supplies,Binders,GBC Premium Transparent Covers with Diagonal Lined Pattern,active
OFF-BI-10001679,Office Supplies,Binders,GBC Instant Index System for Binding Systems,active
OFF-BI-10001922,Office Supplies,Binders,Storex Dura Pro Binders,active
OFF-BI-10001982,Office Supplies,Binders,Wilson Jones Custom Binder Spines & Labels,active
OFF-BI-10002160,Office Supplies,Binders,Acco Hanging Data Binders,active
OFF-BI-10002225,Office Supplies,Binders,"Square Ring Data Binders, Rigid 75 Pt. Covers, 11"" x 14-7/8""",active
OFF-BI-10002412,Office Supplies,Binders,Wilson Jones �Snap� Scratch Pad Binder Tool for Ring Binders,active
OFF-BI-10002557,Office Supplies,Binders,Presstex Flexible Ring Binders,active
OFF-BI-10002706,Office Supplies,Binders,Avery Premier Heavy-Duty Binder with Round Locking Rings,active
OFF-BI-10003314,Office Supplies,Binders,Tuff Stuff Recycled Round Ring Binders,active
OFF-BI-10003460,Office Supplies,Binders,Acco 3-Hole Punch,active
OFF-BI-10003982,Office Supplies,Binders,Wilson Jones Century Plastic Molded Ring Binders,active
OFF-BI-10004140,Office Supplies,Binders,Avery Non-Stick Binders,active
OFF-BI-10004492,Office Supplies,Binders,Tuf-Vin Binders,active
OFF-BI-10004593,Office Supplies,Binders,Ibico Laser Imprintable Binding System Covers,active
OFF-BI-10004967,Office Supplies,Binders,Round Ring Binders,active
OFF-BI-10004995,Office Supplies,Binders,GBC DocuBind P400 Electric Binding System,active
OFF-EN-10001137,Office Supplies,Envelopes,"#10 Gummed Flap White Envelopes, 100/Box",active
OFF-EN-10003296,Office Supplies,Envelopes,Tyvek Side-Opening Peel & Seel Expanding Envelopes,active
OFF-EN-10004386,Office Supplies,Envelopes,"Recycled Interoffice Envelopes with String and Button Closure, 10 x 13",active
OFF-FA-10000134,Office Supplies,Fasteners,"Advantus Push Pins, Aluminum Head",active
OFF-FA-10000490,Office Supplies,Fasteners,"OIC Binder Clips, Mini, 1/4"" Capacity, Black",active
OFF-FA-10000585,Office Supplies,Fasteners,OIC Bulk Pack Metal Binder Clips,active
OFF-FA-10000624,Office Supplies,Fasteners,OIC Binder Clips,active
OFF-FA-10002983,Office Supplies,Fasteners,Advantus SlideClip Paper Clips,active
OFF-FA-10003472,Office Supplies,Fasteners,Bagged Rubber Bands,active
OFF-FA-10004854,Office Supplies,Fasteners,"Vinyl Coated Wire Paper Clips in Organizer Box, 800/Box",active
OFF-LA-10000634,Office Supplies,Labels,Avery 509,active
OFF-LA-10001074,Office Supplies,Labels,Round Specialty Laser Printer Labels,active
OFF-LA-10001158,Office Supplies,Labels,"Avery Address/Shipping Labels for Typewriters, 4"" x 2""",active
OFF-LA-10002043,Office Supplies,Labels,Avery 489,active
OFF-LA-10004544,Office Supplies,Labels,Avery 505,active
OFF-LA-10004689,Office Supplies,Labels,Avery 512,active
OFF-PA-10000474,Office Supplies,Paper,Easy-staple paper,active
OFF-PA-10000673,Office Supplies,Paper,"Post-it �Important Message� Note Pad, Neon Colors, 50 Sheets/Pad",active
OFF-PA-10001937,Office Supplies,Paper,Xerox 21,active
OFF-PA-10001970,Office Supplies,Paper,Xerox 1881,active
OFF-PA-10002036,Office Supplies,Paper,Xerox 1930,active
OFF-PA-10002105,Office Supplies,Paper,Xerox 223,active
OFF-PA-10002479,Office Supplies,Paper,Xerox 4200 Series MultiUse Premium Copy Paper (20Lb. and 84 Bright),active
OFF-PA-10002552,Office Supplies,Paper,Xerox 1958,active
OFF-PA-10002615,Office Supplies,Paper,"Ampad Gold Fibre Wirebound Steno Books, 6"" x 9"", Gregg Ruled",active
OFF-PA-10002666,Office Supplies,Paper,Southworth 25% Cotton Linen-Finish Paper & Envelopes,active
OFF-PA-10002713,Office Supplies,Paper,"Adams Phone Message Book, 200 Message Capacity, 8 1/16� x 11�",active
OFF-PA-10003039,Office Supplies,Paper,Xerox 1960,active
OFF-PA-10003349,Office Supplies,Paper,Xerox 1957,active
OFF-PA-10004000,Office Supplies,Paper,"While You Were Out Pads, 50 per Pad, 4 x 5 1/4, Green Cycle",active
OFF-PA-10004082,Office Supplies,Paper,"Adams Telephone Message Book w/Frequently-Called Numbers Space, 400 Messages per Book",active
OFF-PA-10004100,Office Supplies,Paper,Xerox 216,active
OFF-PA-10004243,Office Supplies,Paper,Xerox 1939,active
OFF-PA-10004470,Office Supplies,Paper,"Adams Write n' Stick Phone Message Book, 11"" X 5 1/4"", 200 Messages",active
OFF-PA-10004569,Office Supplies,Paper,"Wirebound Message Books, Two 4 1/4"" x 5"" Forms per Page",active
OFF-PA-10004734,Office Supplies,Paper,Southworth Structures Collection,active
OFF-ST-10000642,Office Supplies,Storage,"Tennsco Lockers, Gray",active
OFF-ST-10000675,Office Supplies,Storage,"File Shuttle II and Handi-File, Black",active
OFF-ST-10000798,Office Supplies,Storage,2300 Heavy-Duty Transfer File Systems by Perma,active
OFF-ST-10000876,Office Supplies,Storage,Eldon Simplefile Box Office,active
OFF-ST-10001228,Office Supplies,Storage,"Fellowes Personal Hanging Folder Files, Navy",active
OFF-ST-10001522,Office Supplies,Storage,"Gould Plastics 18-Pocket Panel Bin, 34w x 5-1/4d x 20-1/2h",active
OFF-ST-10001580,Office Supplies,Storage,Super Decoflex Portable Personal File,active
OFF-ST-10002205,Office Supplies,Storage,File Shuttle I and Handi-File,active
OFF-ST-10002276,Office Supplies,Storage,Safco Steel Mobile File Cart,active
OFF-ST-10002406,Office Supplies,Storage,Pizazz Global Quick File,active
OFF-ST-10002485,Office Supplies,Storage,Rogers Deluxe File Chest,active
OFF-ST-10002756,Office Supplies,Storage,"Tennsco Stur-D-Stor Boltless Shelving, 5 Shelves, 24"" Deep, Sand",active
OFF-ST-10002790,Office Supplies,Storage,Safco Industrial Shelving,active
OFF-ST-10003208,Office Supplies,Storage,Adjustable Depth Letter/Legal Cart,active
OFF-ST-10003327,Office Supplies,Storage,Akro-Mils 12-Gallon Tote,active
OFF-ST-10004180,Office Supplies,Storage,Safco Commercial Shelving,active
OFF-ST-10004804,Office Supplies,Storage,"Belkin 19"" Vented Equipment Shelf, Black",active
OFF-SU-10000646,Office Supplies,Supplies,Premier Automatic Letter Opener,active
OFF-SU-10001225,Office Supplies,Supplies,Staple remover,active
OFF-SU-10002573,Office Supplies,Supplies,"Acme 10"" Easy Grip Assistive Scissors",active
TEC-AC-10000109,Technology,Accessories,Sony Micro Vault Click 16 GB USB 2.0 Flash Drive,active
TEC-AC-10000290,Technology,Accessories,Sabrent 4-Port USB 2.0 Hub,active
TEC-AC-10000892,Technology,Accessories,NETGEAR N750 Dual Band Wi-Fi Gigabit Router,active
TEC-AC-10001266,Technology,Accessories,Memorex Micro Travel Drive 8 GB,active
TEC-AC-10001908,Technology,Accessories,Logitech Wireless Headset h800,active
TEC-AC-10001956,Technology,Accessories,Microsoft Arc Touch Mouse,active
TEC-AC-10002001,Technology,Accessories,Logitech Wireless Gaming Headset G930,active
TEC-AC-10002076,Technology,Accessories,Microsoft Natural Keyboard Elite,active
TEC-AC-10002335,Technology,Accessories,Logitech Media Keyboard K200,active
TEC-AC-10003628,Technology,Accessories,Logitech 910-002974 M325 Wireless Mouse for Web Scrolling,active
TEC-AC-10003832,Technology,Accessories,Logitech�P710e Mobile Speakerphone,active
TEC-AC-10003911,Technology,Accessories,NETGEAR AC1750 Dual Band Gigabit�Smart WiFi Router,active
TEC-AC-10004469,Technology,Accessories,Microsoft Sculpt Comfort Mouse,active
TEC-AC-10004708,Technology,Accessories,Sony 32GB Class 10 Micro SDHC R40 Memory Card,active
TEC-CO-10001449,Technology,Copiers,Hewlett Packard LaserJet 3310 Copier,active
TEC-CO-10002313,Technology,Copiers,Canon PC1080F Personal Copier,active
TEC-MA-10000864,Technology,Machines,Cisco 9971 IP Video Phone Charcoal,active
TEC-MA-10001148,Technology,Machines,Swingline SM12-08 MicroCut Jam Free Shredder,active
TEC-MA-10001681,Technology,Machines,Lexmark MarkNet N8150 Wireless Print Server,active
TEC-MA-10002927,Technology,Machines,Canon imageCLASS MF7460 Monochrome Digital Laser Multifunction Copier,active
TEC-MA-10003353,Technology,Machines,Xerox WorkCentre 6505DN Laser Multifunction Printer,active
TEC-PH-10000011,Technology,Phones,PureGear Roll-On Screen Protector,active
TEC-PH-10000702,Technology,Phones,"Square Credit Card Reader, 4 1/2"" x 4 1/2"" x 1"", White",active
TEC-PH-10001433,Technology,Phones,Cisco Small Business SPA 502G VoIP phone,active
TEC-PH-10001580,Technology,Phones,Logitech Mobile Speakerphone P710e -�speaker phone,active
TEC-PH-10001700,Technology,Phones,Panasonic KX-TG6844B Expandable Digital Cordless Telephone,active
TEC-PH-10001760,Technology,Phones,Bose SoundLink Bluetooth Speaker,active
TEC-PH-10001918,Technology,Phones,Nortel Business Series Terminal T7208 Digital phone,active
TEC-PH-10002398,Technology,Phones,AT&T 1070 Corded Phone,active
TEC-PH-10002563,Technology,Phones,Adtran 1202752G1,active
TEC-PH-10003012,Technology,Phones,Nortel Meridian M3904 Professional Digital phone,active
TEC-PH-10003645,Technology,Phones,Aastra 57i VoIP phone,active
TEC-PH-10004614,Technology,Phones,AT&T 841000 Phone,active
